Observation,Self_employed,Employees,Tech_company,IT_role,Health_benefits,Age,Gender,Country_birth,Country_work,Work_remotely
1,0,26-100,1,1,Not eligible for coverage / N/A,39,Male,United Kingdom,United Kingdom,Sometimes
2,0,jun-25,1,1,No,29,male,United States of America,United States of America,Never
3,0,jun-25,1,1,No,38,Male ,United Kingdom,United Kingdom,Always
4,0,jun-25,,1,Yes,43,Female,United States of America,United States of America,Sometimes
5,0,More than 1000,1,1,Yes,42,Male,United Kingdom,United Kingdom,Sometimes
6,0,26-100,1,1,I don't know,30,M,United States of America,United States of America,Sometimes
7,0,More than 1000,1,1,Yes,37,female,United States of America,United States of America,Always
8,0,26-100,0,1,I don't know,44,Female,United States of America,United States of America,Sometimes
9,0,26-100,1,1,Yes,28,Male,United States of America,United States of America,Never
10,0,100-500,0,1,Yes,34,Male,United States of America,United States of America,Sometimes
11,0,100-500,1,1,Yes,30,Female,United States of America,United States of America,Always
12,0,100-500,0,1,Yes,44,Male,Canada,Canada,Sometimes
13,0,100-500,1,1,Yes,35,Male,United States of America,United States of America,Always
14,0,100-500,1,1,I don't know,52,m,United States of America,United States of America,Sometimes
15,0,26-100,1,1,Not eligible for coverage / N/A,32,f,Canada,Canada,Always
16,0,500-1000,1,1,No,34,Male,United Kingdom,United Kingdom,Never
17,0,100-500,0,1,I don't know,31,M,United States of America,United States of America,Sometimes
18,0,jun-25,1,1,No,26,Male,United States of America,United States of America,Sometimes
19,0,More than 1000,0,1,Yes,35,male,United States of America,United States of America,Never
20,0,26-100,1,1,Yes,25,male,Germany,Germany,Sometimes
21,0,01-may,1,1,Yes,33,Male,Canada,Canada,Sometimes
22,0,100-500,0,1,Yes,42,male,Germany,Germany,Never
23,0,26-100,0,1,No,27,Male,Netherlands,Netherlands,Sometimes
24,0,100-500,1,1,I don't know,35,male,Germany,Germany,Never
25,0,500-1000,0,1,I don't know,34,female,United Kingdom,United Kingdom,Never
26,0,jun-25,1,1,Not eligible for coverage / N/A,32,Male,United Kingdom,United Kingdom,Never
27,0,100-500,1,1,Not eligible for coverage / N/A,32,MALE,Germany,Germany,Never
28,0,100-500,1,1,Yes,30,Male,United States of America,United States of America,Sometimes
29,0,More than 1000,1,1,I don't know,31,Male,United States of America,United States of America,Never
30,0,26-100,1,1,Yes,36,Male,United Kingdom,United Kingdom,Sometimes
31,0,100-500,1,1,No,33,Male,Germany,Germany,Never
32,0,26-100,1,1,Yes,44,Male,United States of America,United States of America,Always
33,0,100-500,1,1,No,29,male,United Kingdom,United Kingdom,Never
34,0,100-500,1,1,No,29,male,United Kingdom,United Kingdom,Sometimes
35,0,More than 1000,1,1,Yes,44,Male,Canada,Canada,Always
36,0,100-500,1,1,Yes,40,male,United States of America,United States of America,Always
37,0,More than 1000,1,1,Yes,46,F,Netherlands,Netherlands,Never
38,0,More than 1000,0,0,No,41,Male,United States of America,United States of America,Never
39,0,jun-25,1,1,Yes,33,male,United States of America,United States of America,Sometimes
40,0,jun-25,1,1,I don't know,45,Male,United States of America,United States of America,Sometimes
41,0,jun-25,1,1,Yes,37,F,United States of America,United States of America,Always
42,0,26-100,1,1,No,37,M,Australia,Australia,Never
43,0,jun-25,1,1,Yes,27,Male,United States of America,United States of America,Sometimes
44,0,More than 1000,1,1,Yes,36,Male,United States of America,United States of America,Sometimes
45,0,500-1000,0,0,Yes,34,Male,United States of America,United States of America,Always
46,0,More than 1000,0,0,Yes,31,female,United States of America,United States of America,Sometimes
47,0,26-100,1,1,Yes,30,Male,United States of America,United States of America,Never
48,0,100-500,0,0,Yes,32,Male,Canada,Canada,Never
49,0,jun-25,0,0,Yes,40,female,United States of America,United States of America,Sometimes
50,0,100-500,0,0,I don't know,40,Male,United States of America,United States of America,Sometimes
51,0,More than 1000,1,1,Yes,41,M,France,France,Sometimes
52,0,26-100,0,0,Not eligible for coverage / N/A,27,Male,United Kingdom,United Kingdom,Never
53,0,26-100,1,1,Yes,30,Male,United States of America,United States of America,Sometimes
54,0,jun-25,0,0,No,35,female,United States of America,United States of America,Never
55,0,More than 1000,1,1,Yes,29,M,United States of America,United States of America,Always
56,0,100-500,1,1,Yes,28,Male,United States of America,United States of America,Never
57,0,26-100,0,0,No,27,Male,Netherlands,Netherlands,Sometimes
58,0,100-500,1,1,Yes,28,male,Belgium,Belgium,Sometimes
59,0,jun-25,0,0,I don't know,46,Male,United States of America,United States of America,Sometimes
60,0,01-may,1,1,No,40,male,Netherlands,Netherlands,Sometimes
61,0,26-100,1,1,Yes,37,Male,United States of America,United States of America,Always
62,0,26-100,1,1,No,41,Male,Netherlands,Netherlands,Sometimes
63,0,jun-25,1,1,I don't know,38,F,Netherlands,Netherlands,Never
64,0,26-100,1,1,I don't know,33,Male ,United States of America,United States of America,Sometimes
65,0,26-100,1,1,Yes,33,Male,United States of America,United States of America,Always
66,0,01-may,1,1,Yes,21,male,United Kingdom,United Kingdom,Never
67,0,01-may,1,1,No,36,Male,Brazil,Brazil,Never
68,0,26-100,1,1,I don't know,35,Male,United States of America,United States of America,Sometimes
69,0,jun-25,1,1,Yes,45,Male,United States of America,United States of America,Never
70,0,26-100,1,1,I don't know,41,Male,Canada,Canada,Never
71,0,26-100,1,1,I don't know,35,Male,United Kingdom,United Kingdom,Sometimes
72,0,26-100,1,1,I don't know,24,Female,United States of America,United States of America,Sometimes
73,0,100-500,0,0,No,33,Male,Brazil,Brazil,Never
74,0,More than 1000,1,1,Yes,35,male,United States of America,United States of America,Sometimes
75,0,jun-25,1,1,No,26,Male,United Kingdom,United Kingdom,Sometimes
76,0,jun-25,1,1,No,17,male,Brazil,Brazil,Always
77,0,jun-25,0,0,I don't know,29,Female,United States of America,United States of America,Sometimes
78,0,100-500,1,1,Yes,26,Male,United States of America,United States of America,Sometimes
79,0,26-100,1,1,I don't know,36,female,United States of America,United States of America,Always
80,0,26-100,1,1,I don't know,46,M,United States of America,United States of America,Sometimes
81,0,100-500,1,1,Yes,28,Female,United States of America,United States of America,Sometimes
82,0,500-1000,1,1,Yes,40,Male,United States of America,United States of America,Sometimes
83,0,100-500,1,1,I don't know,23,Male,United States of America,United States of America,Sometimes
84,0,jun-25,1,1,I don't know,30,Male,United States of America,United States of America,Sometimes
85,0,26-100,1,1,I don't know,28,f,United States of America,United States of America,Sometimes
86,0,26-100,1,1,No,27,Male,Netherlands,Netherlands,Never
87,0,26-100,1,1,Yes,39,f,United States of America,United States of America,Never
88,0,More than 1000,1,1,Yes,34,Female,United States of America,United States of America,Always
89,0,jun-25,1,1,Yes,30,Male,United States of America,United States of America,Sometimes
90,0,100-500,0,0,I don't know,31,Male,United States of America,United States of America,Sometimes
91,0,26-100,1,1,Yes,30,M,United States of America,United States of America,Always
92,0,More than 1000,1,1,Yes,32,Male,United States of America,United States of America,Sometimes
93,0,26-100,0,0,Yes,51,Male,United States of America,United States of America,Sometimes
94,0,26-100,0,,I don't know,26,Male,United States of America,United States of America,Sometimes
95,0,26-100,1,1,Yes,41,f,United States of America,United States of America,Sometimes
96,0,100-500,1,1,I don't know,39,F,United States of America,United States of America,Sometimes
97,0,jun-25,1,1,Yes,43,M,United States of America,United States of America,Sometimes
98,0,500-1000,1,1,I don't know,30,M,United Kingdom,United Kingdom,Sometimes
99,0,26-100,1,1,Yes,24,Female,United States of America,United States of America,Sometimes
100,0,26-100,0,0,No,28,female,Germany,Germany,Sometimes
101,0,01-may,0,0,I don't know,36,F,United States of America,United States of America,Sometimes
102,0,100-500,1,1,I don't know,34,Male,France,France,Sometimes
103,0,26-100,1,1,Yes,44,Female,United States of America,United States of America,Sometimes
104,0,More than 1000,0,,I don't know,45,Male,United States of America,United States of America,Sometimes
105,0,jun-25,1,1,Yes,45,M,United States of America,United States of America,Sometimes
106,0,500-1000,1,1,No,30,male,United States of America,United States of America,Sometimes
107,0,More than 1000,0,,Yes,34,Male,United States of America,United States of America,Sometimes
108,0,More than 1000,1,1,I don't know,37,Male,United States of America,United States of America,Sometimes
109,0,More than 1000,0,,Yes,38,Male,United States of America,United States of America,Sometimes
110,0,26-100,1,1,Yes,31,Male,United States of America,United States of America,Sometimes
111,0,26-100,1,1,I don't know,33,Male,United States of America,United States of America,Always
112,0,100-500,1,1,Yes,29,female,United States of America,United States of America,Sometimes
113,0,100-500,1,1,Yes,35,M,United States of America,United States of America,Sometimes
114,0,01-may,1,1,No,42,F,Canada,Canada,Always
115,0,26-100,1,1,I don't know,26,Female,United States of America,United States of America,Sometimes
116,0,500-1000,1,1,Yes,36,f,United States of America,United States of America,Always
117,0,26-100,1,1,I don't know,21,male,United Kingdom,United Kingdom,Never
118,0,26-100,1,1,Yes,34,F,United States of America,United States of America,Sometimes
119,0,26-100,1,1,Yes,35,Male,United States of America,United States of America,Sometimes
120,0,jun-25,1,1,Yes,44,Male,United States of America,United States of America,Sometimes
121,0,jun-25,1,1,I don't know,35,M,Canada,Canada,Sometimes
122,0,More than 1000,1,1,No,45,m,United States of America,United States of America,Sometimes
123,0,More than 1000,,,Yes,42,m,United States of America,United States of America,Sometimes
124,0,100-500,1,1,Yes,36,Male,United States of America,United States of America,Always
125,0,26-100,1,1,I don't know,29,Male,United States of America,United States of America,Always
126,0,100-500,1,1,Yes,37,Male,United States of America,United States of America,Never
127,0,26-100,1,1,No,31,m,United States of America,United States of America,Sometimes
128,0,More than 1000,0,,I don't know,42,Male,Canada,Canada,Always
129,0,500-1000,1,1,Yes,25,Male,United States of America,United States of America,Sometimes
130,0,jun-25,1,1,Yes,27,Male,United States of America,United States of America,Sometimes
131,0,More than 1000,0,,Yes,41,Female,United States of America,United States of America,Never
132,0,100-500,1,1,Yes,41,Female,United States of America,United States of America,Sometimes
133,0,More than 1000,0,,Yes,55,F,United States of America,United States of America,Never
134,0,More than 1000,1,1,Yes,21,Male,United States of America,United States of America,Never
135,0,More than 1000,0,0,I don't know,37,male,Netherlands,Netherlands,Never
136,0,More than 1000,0,0,I don't know,34,female,Netherlands,Netherlands,Sometimes
137,0,More than 1000,0,,Yes,40,Male,United Kingdom,United Kingdom,Never
138,0,More than 1000,0,0,Yes,36,male,Germany,Germany,Sometimes
139,0,26-100,1,1,No,25,Male,Germany,Germany,Never
140,0,100-500,1,1,I don't know,35,male,United States of America,United States of America,Always
141,0,jun-25,1,1,No,37,male,United States of America,United States of America,Always
142,0,More than 1000,0,0,Yes,45,Male,United States of America,United States of America,Sometimes
143,0,jun-25,1,1,No,26,Male,United States of America,United States of America,Never
144,0,26-100,1,1,Yes,23,Male,United States of America,United States of America,Sometimes
145,0,26-100,1,1,Yes,22,Female,United States of America,United States of America,Sometimes
146,0,26-100,1,1,I don't know,46,Female,United States of America,United States of America,Always
147,0,jun-25,1,1,No,31,Male,United Kingdom,United Kingdom,Sometimes
148,0,100-500,1,1,Yes,27,Male,United States of America,United States of America,Always
149,0,jun-25,1,1,No,37,male,United Kingdom,United Kingdom,Sometimes
150,0,100-500,1,1,I don't know,37,Male,United Kingdom,United Kingdom,Never
151,0,01-may,1,1,Not eligible for coverage / N/A,26,M,Netherlands,Netherlands,Sometimes
152,0,500-1000,1,1,No,23,M,Netherlands,Netherlands,Never
153,0,26-100,1,1,Yes,40,Male,United States of America,United States of America,Never
154,0,01-may,1,1,No,29,M,Denmark,Denmark,Sometimes
155,0,100-500,1,1,Yes,37,Male,United States of America,United States of America,Sometimes
156,0,100-500,1,1,Yes,34,female,United States of America,United States of America,Never
157,0,More than 1000,1,1,Yes,40,male,United States of America,United States of America,Sometimes
158,0,500-1000,1,1,Yes,39,Male,United States of America,United States of America,Sometimes
159,0,500-1000,1,1,Yes,28,Male,United States of America,United States of America,Always
160,0,26-100,1,1,No,27,Male,Germany,Germany,Sometimes
161,0,More than 1000,1,1,Yes,49,Female,United States of America,United States of America,Sometimes
162,0,26-100,1,1,No,35,Male,United Kingdom,United Kingdom,Never
163,0,100-500,1,1,I don't know,35,Male,Sweden,Sweden,Sometimes
164,0,500-1000,1,1,Yes,32,Male,United States of America,United States of America,Sometimes
165,0,More than 1000,1,1,Yes,42,Male,United States of America,United States of America,Sometimes
166,0,100-500,1,1,Yes,33,female,United States of America,United States of America,Always
167,0,26-100,1,1,I don't know,35,Male,United Kingdom,United Kingdom,Always
168,0,500-1000,1,1,I don't know,24,M,Russia,Russia,Sometimes
169,0,500-1000,1,1,Yes,29,F,United States of America,United States of America,Sometimes
170,0,100-500,1,1,I don't know,29,Male,United States of America,United States of America,Always
171,0,jun-25,1,1,Not eligible for coverage / N/A,24,Male,United Kingdom,United Kingdom,Sometimes
172,0,500-1000,1,1,I don't know,30,Male,Sweden,Sweden,Always
173,0,26-100,1,1,I don't know,30,male,United States of America,United States of America,Always
174,0,jun-25,1,1,No,44,male,United States of America,United States of America,Always
175,0,100-500,1,1,Yes,37,Male,United Kingdom,United Kingdom,Always
176,0,500-1000,1,1,No,28,Male,Germany,Germany,Sometimes
177,0,100-500,1,1,Yes,42,Male,United States of America,United States of America,Always
178,0,01-may,1,1,Yes,30,female,United Kingdom,United Kingdom,Sometimes
179,0,100-500,1,1,I don't know,36,m,Russia,Russia,Sometimes
180,0,500-1000,1,1,I don't know,30,male,Russia,Russia,Sometimes
181,0,jun-25,1,1,I don't know,29,Male,United States of America,United States of America,Always
182,0,500-1000,1,1,I don't know,25,male,United States of America,United States of America,Sometimes
183,0,26-100,1,1,No,25,Male,Belgium,Belgium,Sometimes
184,0,500-1000,1,1,I don't know,24,Male,Russia,Russia,Never
185,0,More than 1000,1,1,No,25,m,Russia,Russia,Sometimes
186,0,26-100,1,1,Yes,31,Male ,Denmark,Denmark,Never
187,0,26-100,1,1,Yes,37,M,Canada,Canada,Sometimes
188,0,100-500,1,1,I don't know,35,Male,United States of America,United States of America,Never
189,0,jun-25,1,1,Not eligible for coverage / N/A,26,female,Spain,Spain,Sometimes
190,0,100-500,1,1,Yes,31,Male,United Kingdom,United Kingdom,Always
191,0,500-1000,1,1,Yes,29,female,United States of America,United States of America,Always
192,0,26-100,1,1,I don't know,33,M,France,France,Sometimes
193,0,26-100,1,1,No,30,M,India,India,Always
194,0,26-100,1,1,Yes,30,M,United States of America,United States of America,Sometimes
195,0,100-500,1,1,Yes,29,female,United States of America,United States of America,Never
196,0,26-100,1,1,I don't know,25,Female,United States of America,United States of America,Sometimes
197,0,More than 1000,0,0,Yes,27,Male,United States of America,United States of America,Never
198,0,500-1000,1,1,Yes,26,Male,Germany,Germany,Sometimes
199,0,500-1000,1,1,Yes,38,Female,United States of America,United States of America,Always
200,0,More than 1000,1,1,Yes,49,Male,United States of America,United States of America,Sometimes
201,0,26-100,1,1,Yes,30,Male,United States of America,United States of America,Sometimes
202,0,100-500,1,1,No,31,male,Russia,Russia,Never
203,0,100-500,1,1,No,31,m,Germany,Germany,Sometimes
204,0,100-500,1,1,Not eligible for coverage / N/A,34,male,Germany,Germany,Never
205,0,jun-25,1,1,I don't know,28,Male,United States of America,United States of America,Sometimes
206,0,500-1000,1,1,I don't know,27,Male ,Germany,Germany,Always
207,0,jun-25,1,1,I don't know,37,Female,United States of America,United States of America,Sometimes
208,0,More than 1000,1,1,Not eligible for coverage / N/A,45,Male,United Kingdom,United Kingdom,Sometimes
209,0,jun-25,1,1,No,31,female,United States of America,United States of America,Always
210,0,More than 1000,0,,No,36,M,United States of America,United States of America,Never
211,0,500-1000,1,1,Yes,30,M,United States of America,United States of America,Never
212,0,More than 1000,1,1,Yes,33,female,United States of America,United Arab Emirates,Sometimes
213,0,500-1000,1,1,Yes,45,female,Canada,Canada,Always
214,0,26-100,1,1,Yes,30,Female,United States of America,United States of America,Sometimes
215,0,26-100,1,1,Yes,30,male,United States of America,United States of America,Sometimes
216,0,01-may,0,,No,36,Male,Mexico,Mexico,Sometimes
217,0,26-100,1,1,Yes,28,Male,United States of America,United States of America,Never
218,0,26-100,1,1,Yes,36,Male,United States of America,United States of America,Sometimes
219,0,500-1000,1,1,Yes,37,female,United States of America,United States of America,Sometimes
220,0,26-100,1,1,Yes,29,Male,United States of America,United States of America,Sometimes
221,0,26-100,1,1,Yes,25,Male,United States of America,United States of America,Sometimes
222,0,26-100,1,1,Yes,34,f,United States of America,United States of America,Sometimes
223,0,More than 1000,0,,Yes,37,M,Canada,Canada,Sometimes
224,0,More than 1000,1,1,Yes,40,Female,United States of America,United States of America,Sometimes
225,0,100-500,1,1,Yes,32,Male,United States of America,United States of America,Always
226,0,26-100,1,1,I don't know,38,Male,United Kingdom,United Kingdom,Never
227,0,26-100,1,1,Yes,31,Female,United States of America,United States of America,Sometimes
228,0,26-100,1,1,Yes,28,female,United States of America,United States of America,Sometimes
229,0,100-500,1,1,No,27,female,United Kingdom,United Kingdom,Sometimes
230,0,26-100,1,1,Yes,28,female,United States of America,United States of America,Sometimes
231,0,jun-25,1,1,I don't know,26,Male,Germany,Germany,Always
232,0,26-100,1,1,Yes,40,Male,United States of America,United States of America,Sometimes
233,0,More than 1000,1,1,Yes,42,Male,United States of America,United States of America,Sometimes
234,0,26-100,1,1,Yes,36,Male,United States of America,United States of America,Never
235,0,500-1000,1,1,Yes,24,Male,United States of America,United States of America,Never
236,0,100-500,0,,I don't know,44,Male,United States of America,United States of America,Never
237,0,More than 1000,1,1,Yes,31,Male,United States of America,United States of America,Always
238,0,26-100,1,1,Yes,27,f,United States of America,United States of America,Sometimes
239,0,More than 1000,1,1,Yes,27,m,United States of America,United States of America,Always
240,0,100-500,1,1,Yes,28,Male,United States of America,United States of America,Sometimes
241,0,jun-25,1,1,Yes,20,Female,United States of America,United States of America,Never
242,0,100-500,0,0,No,38,Male,Australia,Australia,Sometimes
243,0,100-500,1,1,I don't know,29,male,United States of America,United States of America,Never
244,0,100-500,1,1,Yes,44,f,United States of America,United States of America,Always
245,0,500-1000,1,1,I don't know,31,Male,United States of America,United States of America,Sometimes
246,0,jun-25,1,1,No,54,m,United States of America,United States of America,Sometimes
247,0,500-1000,1,1,I don't know,33,m,Germany,Germany,Sometimes
248,0,jun-25,1,1,No,29,male,Netherlands,Netherlands,Never
249,0,26-100,1,1,I don't know,26,m,United Kingdom,United Kingdom,Sometimes
250,0,26-100,1,1,I don't know,26,male,United Kingdom,United Kingdom,Never
251,0,100-500,1,1,I don't know,38,Female,United States of America,United States of America,Sometimes
252,0,100-500,1,1,No,30,Male,United Kingdom,United Kingdom,Sometimes
253,0,More than 1000,1,1,Yes,47,F,Australia,Australia,Sometimes
254,0,100-500,0,,Yes,33,Female,Switzerland,Switzerland,Sometimes
255,0,More than 1000,0,0,I don't know,22,Male,United Kingdom,United Kingdom,Sometimes
256,0,jun-25,1,1,Not eligible for coverage / N/A,28,m,United Kingdom,United Kingdom,Never
257,0,500-1000,1,1,Yes,31,m,United Kingdom,United Kingdom,Always
258,0,More than 1000,0,0,Not eligible for coverage / N/A,24,f,United Kingdom,United Kingdom,Sometimes
259,0,01-may,0,0,No,56,m,Australia,Australia,Sometimes
260,0,100-500,1,1,I don't know,39,M,Spain,United States of America,Always
261,0,01-may,1,1,No,21,Male,United Kingdom,United Kingdom,Never
262,0,500-1000,1,1,I don't know,31,female,Russia,Russia,Sometimes
263,0,jun-25,1,1,I don't know,32,Female,United Kingdom,United Kingdom,Never
264,0,100-500,1,1,Yes,34,Male,United Kingdom,United Kingdom,Sometimes
265,0,jun-25,1,1,Not eligible for coverage / N/A,35,male,United States of America,United States of America,Always
266,0,26-100,1,1,No,31,Male,Norway,Norway,Sometimes
267,0,26-100,0,0,I don't know,36,Male,United States of America,United States of America,Sometimes
268,0,26-100,1,1,Yes,50,Male,United States of America,United States of America,Sometimes
269,0,jun-25,1,1,I don't know,31,Male,United States of America,United States of America,Sometimes
270,0,100-500,1,1,Yes,47,male,United States of America,United States of America,Never
271,0,jun-25,1,1,I don't know,32,Female,Canada,Canada,Never
272,0,26-100,1,1,Yes,23,Female,Canada,Canada,Never
273,0,jun-25,1,1,Yes,43,Female,Canada,Canada,Sometimes
274,0,jun-25,1,1,Yes,26,Female,Canada,Canada,Sometimes
275,0,26-100,1,1,I don't know,26,female,Canada,Canada,Never
276,0,jun-25,1,1,Yes,55,Female,Canada,Canada,Sometimes
277,0,jun-25,1,1,Yes,27,Male,Canada,Canada,Never
278,0,100-500,1,1,Not eligible for coverage / N/A,34,Male,Argentina,Argentina,Always
279,0,26-100,1,1,No,25,Male,India,India,Never
280,0,26-100,,,I don't know,35,male,United States of America,United States of America,Sometimes
281,0,26-100,1,1,Yes,38,Female,United States of America,United States of America,Sometimes
282,0,26-100,1,1,Yes,29,male,Canada,Canada,Never
283,0,500-1000,1,1,Yes,28,Male,United Kingdom,United Kingdom,Always
284,0,jun-25,1,1,Not eligible for coverage / N/A,29,Male,United Kingdom,United States of America,Always
285,0,More than 1000,1,1,Yes,40,male,United States of America,United States of America,Always
286,0,26-100,1,1,Yes,25,Female,United States of America,United States of America,Sometimes
287,0,26-100,1,1,Yes,29,F,United States of America,United States of America,Sometimes
288,0,01-may,1,1,Yes,35,M,Netherlands,Netherlands,Sometimes
289,0,26-100,1,1,No,43,Male,United States of America,United States of America,Sometimes
290,0,jun-25,1,1,No,26,Male,Ireland,Ireland,Never
291,0,100-500,1,1,I don't know,31,male,Germany,Germany,Never
292,0,100-500,1,1,Yes,31,female,United States of America,United States of America,Always
293,0,More than 1000,0,,I don't know,45,F,United States of America,United States of America,Always
294,0,More than 1000,1,1,No,23,Male,Italy,Italy,Never
295,0,jun-25,1,1,I don't know,39,Male,United States of America,United States of America,Never
296,0,26-100,1,1,Yes,27,Female,United States of America,United States of America,Sometimes
297,0,100-500,1,1,Yes,28,Male,United States of America,United States of America,Sometimes
298,0,500-1000,1,1,I don't know,36,Male,United States of America,United States of America,Always
299,0,100-500,1,1,I don't know,22,male,Germany,Germany,Never
300,0,01-may,1,1,Yes,51,Male,United States of America,United States of America,Never
301,0,More than 1000,0,0,Not eligible for coverage / N/A,28,male,United States of America,United States of America,Sometimes
302,0,100-500,1,1,I don't know,40,M,United States of America,United States of America,Always
303,0,26-100,1,1,Yes,35,Female,United States of America,United States of America,Sometimes
304,0,100-500,1,1,Yes,38,Male,United States of America,United States of America,Never
305,0,100-500,1,1,Yes,29,Male,United States of America,United States of America,Always
306,0,500-1000,1,1,Yes,31,f,United States of America,United States of America,Always
307,0,100-500,1,1,No,45,male,United States of America,United States of America,Sometimes
308,0,100-500,1,1,I don't know,26,Male,United States of America,United States of America,Sometimes
309,0,100-500,1,1,Yes,42,Male,United States of America,United States of America,Always
310,0,100-500,1,1,Yes,28,f,United States of America,United States of America,Always
311,0,jun-25,1,1,Not eligible for coverage / N/A,28,Male,United Kingdom,United Kingdom,Sometimes
312,0,100-500,1,1,Yes,39,female,United States of America,United States of America,Sometimes
313,0,jun-25,1,1,Yes,34,Male,United States of America,United States of America,Sometimes
314,0,26-100,1,1,I don't know,28,Female,United States of America,United States of America,Always
315,0,500-1000,1,1,Yes,35,Female,United States of America,United States of America,Sometimes
316,0,jun-25,1,1,I don't know,42,male,Canada,Canada,Sometimes
317,0,jun-25,1,1,Yes,99,f,United States of America,United States of America,Sometimes
318,0,26-100,1,1,Yes,28,Male,Canada,Canada,Always
319,0,500-1000,1,1,I don't know,22,F,Russia,Russia,Sometimes
320,0,26-100,1,1,Yes,28,female,United States of America,United States of America,Sometimes
321,0,More than 1000,0,0,Yes,21,Female ,Australia,Australia,Never
322,0,26-100,1,1,No,38,male,Netherlands,Netherlands,Never
323,0,More than 1000,0,0,Yes,33,M,United States of America,United States of America,Sometimes
324,0,100-500,1,1,Yes,28,Female,United States of America,United States of America,Sometimes
325,0,26-100,1,1,Yes,32,Male,United States of America,United States of America,Sometimes
326,0,01-may,1,1,Not eligible for coverage / N/A,24,Female,Australia,Australia,Sometimes
327,0,500-1000,1,1,I don't know,35,male,United States of America,United States of America,Always
328,0,More than 1000,1,1,I don't know,24,Female,United States of America,United States of America,Sometimes
329,0,100-500,1,1,Yes,30,Male,United States of America,United States of America,Sometimes
330,0,100-500,1,1,Yes,47,female,United States of America,United States of America,Sometimes
331,0,More than 1000,1,1,Yes,26,female,United States of America,United States of America,Never
332,0,100-500,1,1,Yes,32,Male,United States of America,United States of America,Always
333,0,100-500,1,1,I don't know,32,Male,United States of America,United States of America,Sometimes
334,0,500-1000,1,1,I don't know,37,male,United States of America,United States of America,Always
335,0,jun-25,1,1,No,28,f,United Kingdom,United Kingdom,Sometimes
336,0,26-100,1,1,I don't know,22,m,Netherlands,Netherlands,Never
337,0,500-1000,1,1,I don't know,30,Male,United States of America,United States of America,Sometimes
338,0,100-500,1,1,Yes,34,male,United States of America,United States of America,Never
339,0,jun-25,1,1,Yes,32,Male,United States of America,United States of America,Sometimes
340,0,100-500,1,1,No,37,male,United Kingdom,United Kingdom,Always
341,0,26-100,1,1,I don't know,31,Male,United States of America,United States of America,Always
342,0,26-100,0,0,No,26,male,Colombia,Colombia,Always
343,0,100-500,1,1,Yes,36,m,United States of America,United States of America,Sometimes
344,0,100-500,1,1,Yes,38,Male,United States of America,United States of America,Always
345,0,26-100,1,1,Yes,24,Male,United States of America,United States of America,Sometimes
346,0,100-500,1,1,I don't know,26,male,United States of America,United States of America,Sometimes
347,0,More than 1000,1,1,Yes,37,Male,United States of America,United States of America,Never
348,0,26-100,1,1,I don't know,27,Female,United Kingdom,United Kingdom,Never
349,0,26-100,1,1,Yes,32,Male,Netherlands,Netherlands,Never
350,0,jun-25,0,0,Yes,30,Male,Netherlands,Netherlands,Never
351,0,26-100,1,1,No,26,Female,Germany,Germany,Always
352,0,26-100,1,1,Not eligible for coverage / N/A,29,Male,Colombia,Colombia,Always
353,0,26-100,1,1,Yes,26,m,Germany,Germany,Never
354,0,100-500,1,1,Yes,23,Female,United States of America,United States of America,Never
355,0,100-500,1,1,Yes,30,Male,United States of America,United States of America,Sometimes
356,0,More than 1000,0,0,Yes,40,M,United States of America,United States of America,Sometimes
357,0,100-500,1,1,I don't know,46,male,United States of America,United States of America,Sometimes
358,0,26-100,1,1,I don't know,26,Male,United States of America,United States of America,Sometimes
359,0,More than 1000,1,1,Yes,30,m,United States of America,United States of America,Sometimes
360,0,100-500,1,1,No,27,f,Canada,United States of America,Always
361,0,26-100,1,1,Yes,26,f,United States of America,United States of America,Sometimes
362,0,100-500,1,1,I don't know,35,Male,Australia,Australia,Always
363,0,26-100,0,0,I don't know,29,Male,Netherlands,Netherlands,Never
364,0,100-500,1,1,I don't know,34,Male,United Kingdom,United Kingdom,Sometimes
365,0,100-500,1,1,No,39,Male,United Kingdom,United Kingdom,Sometimes
366,0,100-500,1,1,I don't know,27,Male,United Kingdom,United Kingdom,Sometimes
367,0,500-1000,1,1,No,31,Male,Czech Republic,Czech Republic,Sometimes
368,0,26-100,0,0,No,26,Male,United Kingdom,United Kingdom,Never
369,0,26-100,1,1,Yes,44,male,United States of America,United States of America,Always
370,0,100-500,1,1,Yes,27,male,United States of America,United States of America,Sometimes
371,0,100-500,,0,Yes,57,Female,United States of America,United States of America,Sometimes
372,0,More than 1000,0,0,I don't know,35,Male,United States of America,United States of America,Never
373,0,100-500,1,1,Yes,26,Male,United States of America,United States of America,Always
374,0,jun-25,1,1,I don't know,22,female,United States of America,United States of America,Never
375,0,100-500,1,1,I don't know,31,Male,United States of America,United States of America,Sometimes
376,0,26-100,1,1,I don't know,31,male,United Kingdom,United Kingdom,Never
377,0,More than 1000,0,0,Yes,26,m,United States of America,United States of America,Sometimes
378,0,01-may,1,1,No,36,M,United States of America,United States of America,Sometimes
379,0,26-100,1,1,Yes,33,Male,United States of America,United States of America,Sometimes
380,0,500-1000,1,1,Yes,24,F,United States of America,United States of America,Sometimes
381,0,jun-25,1,1,No,22,male,Vietnam,Vietnam,Sometimes
382,0,jun-25,1,1,Yes,33,male,United States of America,United States of America,Always
383,0,More than 1000,1,1,Yes,37,f,United States of America,United States of America,Sometimes
384,0,jun-25,1,1,Yes,29,Male,United States of America,United States of America,Always
385,0,01-may,0,0,Not eligible for coverage / N/A,38,Male,United States of America,United States of America,Sometimes
386,0,01-may,1,1,No,33,m,United States of America,United States of America,Sometimes
387,0,01-may,1,1,I don't know,44,Female,Canada,Canada,Always
388,0,jun-25,0,0,Yes,23,Male,United States of America,United States of America,Sometimes
389,0,More than 1000,0,0,I don't know,30,m,United States of America,United States of America,Never
390,0,26-100,1,1,Yes,28,male,United States of America,United States of America,Sometimes
391,0,26-100,1,1,Yes,39,male,United States of America,United States of America,Never
392,0,jun-25,1,1,No,24,Female,United States of America,United States of America,Never
393,0,More than 1000,0,0,Yes,35,Male,United States of America,United States of America,Sometimes
394,0,jun-25,1,1,No,23,Male,United States of America,United States of America,Never
395,0,More than 1000,0,0,Yes,37,M,United States of America,United States of America,Sometimes
396,0,jun-25,1,1,Yes,35,Male,United States of America,United States of America,Sometimes
397,0,26-100,0,0,Yes,27,Male,United States of America,United States of America,Sometimes
398,0,01-may,1,1,I don't know,27,Female,United States of America,United States of America,Always
399,0,More than 1000,1,1,Yes,27,Female,United States of America,United States of America,Never
400,0,jun-25,1,1,I don't know,42,m,United States of America,United States of America,Sometimes
401,0,jun-25,,0,Yes,32,m,United States of America,United States of America,Never
402,0,jun-25,1,1,I don't know,26,Male,Finland,Finland,Sometimes
403,0,100-500,1,1,I don't know,28,Male,Bulgaria,Bulgaria,Never
404,0,jun-25,1,1,I don't know,28,M,United States of America,United States of America,Sometimes
405,0,100-500,1,1,Yes,32,Male,United States of America,United States of America,Sometimes
406,0,26-100,1,1,Yes,34,Male,United States of America,United States of America,Never
407,0,jun-25,1,1,I don't know,61,f,United States of America,United States of America,Sometimes
408,0,jun-25,0,0,Not eligible for coverage / N/A,51,m,Germany,Germany,Sometimes
409,0,500-1000,1,1,I don't know,34,male,United States of America,United States of America,Always
410,0,jun-25,1,1,No,43,Male,United States of America,United States of America,Always
411,0,100-500,1,1,Yes,43,Female,United States of America,United States of America,Sometimes
412,0,jun-25,1,1,No,44,Male,United States of America,United States of America,Always
413,0,100-500,1,1,I don't know,35,m,United States of America,United States of America,Sometimes
414,0,26-100,1,1,Yes,50,Male,United States of America,United States of America,Always
415,0,100-500,1,1,Yes,29,Male,United States of America,United States of America,Sometimes
416,0,100-500,1,1,Yes,29,Male,United States of America,United States of America,Never
417,0,500-1000,0,0,Yes,36,Male,Canada,Canada,Sometimes
418,0,More than 1000,1,1,I don't know,46,Male,United States of America,United States of America,Always
419,0,More than 1000,1,1,Yes,23,f,United States of America,United States of America,Sometimes
420,0,jun-25,1,1,I don't know,41,Male,United States of America,United States of America,Sometimes
421,0,More than 1000,1,1,Yes,31,male,Canada,Canada,Sometimes
422,0,01-may,1,1,No,55,male,United States of America,United States of America,Sometimes
423,0,26-100,1,1,No,34,M,United States of America,United States of America,Sometimes
424,0,jun-25,1,1,Yes,28,Female,United States of America,United States of America,Always
425,0,jun-25,1,1,Yes,33,m,United States of America,United States of America,Sometimes
426,0,100-500,1,1,Yes,29,Male,United States of America,United States of America,Sometimes
427,0,More than 1000,0,0,Yes,33,Female,United States of America,United States of America,Sometimes
428,0,More than 1000,1,1,Yes,28,male,United States of America,United States of America,Sometimes
429,0,26-100,1,1,Yes,32,Male,United States of America,United States of America,Sometimes
430,0,jun-25,1,1,Yes,36,female,United States of America,United States of America,Never
431,0,More than 1000,0,,I don't know,45,Male,United Kingdom,United Kingdom,Sometimes
432,0,More than 1000,0,,No,23,Male,France,France,Never
433,0,26-100,1,1,I don't know,29,Female,United States of America,United States of America,Sometimes
434,0,26-100,1,1,Not eligible for coverage / N/A,31,Male,Australia,Australia,Sometimes
435,0,jun-25,1,1,No,29,Male,Germany,Germany,Never
436,0,26-100,1,1,I don't know,30,Male,United Kingdom,United Kingdom,Sometimes
437,0,More than 1000,1,1,Yes,55,Male,United Kingdom,United Kingdom,Always
438,0,jun-25,0,,I don't know,38,Female,United States of America,United States of America,Never
439,0,jun-25,1,1,I don't know,20,male,Canada,Canada,Sometimes
440,0,100-500,1,1,No,25,Male,United States of America,United States of America,Sometimes
441,0,26-100,0,0,I don't know,27,male,United States of America,United States of America,Never
442,0,jun-25,0,0,No,24,Male,United States of America,United States of America,Sometimes
443,0,26-100,0,0,I don't know,29,Male,Brazil,Brazil,Never
444,0,26-100,1,1,No,40,Female,United States of America,United States of America,Never
445,0,01-may,1,1,No,30,Male,United States of America,United States of America,Always
446,0,26-100,1,1,Yes,32,Male,Canada,Canada,Sometimes
447,0,jun-25,1,1,Yes,35,F,Canada,Canada,Sometimes
448,0,jun-25,1,1,No,36,Male,United Kingdom,United Kingdom,Never
449,0,26-100,1,1,I don't know,26,male,Sweden,Sweden,Sometimes
450,0,500-1000,0,0,I don't know,31,Female,Netherlands,Netherlands,Never
451,0,26-100,0,0,Not eligible for coverage / N/A,33,Male,South Africa,South Africa,Never
452,0,26-100,1,1,I don't know,46,m,United Kingdom,United Kingdom,Always
453,0,100-500,1,1,No,32,Male,United States of America,United States of America,Sometimes
454,0,100-500,1,1,Yes,34,male,United States of America,United States of America,Sometimes
455,0,100-500,1,1,I don't know,41,male,United States of America,United States of America,Always
456,0,100-500,1,1,I don't know,32,Male,United States of America,United States of America,Always
457,0,More than 1000,0,0,Yes,47,Male,United States of America,United States of America,Sometimes
458,0,100-500,1,1,I don't know,29,male,United States of America,United States of America,Always
459,0,100-500,0,0,Yes,36,male,United States of America,United States of America,Sometimes
460,0,100-500,1,1,No,32,Male,United States of America,United States of America,Sometimes
461,0,100-500,1,1,I don't know,29,Male,United States of America,United States of America,Sometimes
462,0,01-may,1,1,Not eligible for coverage / N/A,22,Male,United Kingdom,United Kingdom,Never
463,0,More than 1000,1,1,Yes,32,female,United States of America,United States of America,Sometimes
464,0,More than 1000,0,0,Yes,19,Female,United States of America,United States of America,Never
465,0,jun-25,1,1,No,30,Male,South Africa,South Africa,Sometimes
466,0,jun-25,1,1,I don't know,32,f,United States of America,United States of America,Always
467,0,More than 1000,1,1,I don't know,22,M,United States of America,United States of America,Sometimes
468,0,100-500,1,1,Yes,323,Male,United States of America,United States of America,Sometimes
469,0,jun-25,1,1,No,33,male,Slovakia,Slovakia,Sometimes
470,0,jun-25,1,1,No,48,f,United Kingdom,United Kingdom,Never
471,0,More than 1000,1,1,No,45,male,Germany,Germany,Never
472,0,26-100,1,1,I don't know,28,Male,United Kingdom,United Kingdom,Sometimes
473,0,100-500,1,1,I don't know,44,male,United States of America,United States of America,Sometimes
474,0,jun-25,1,1,No,31,Male,United States of America,United States of America,Sometimes
475,0,26-100,1,1,Yes,31,f,United States of America,United States of America,Sometimes
476,0,More than 1000,1,1,Yes,29,Male,United States of America,United States of America,Never
477,0,More than 1000,0,0,Yes,26,Male,United States of America,United States of America,Never
478,0,100-500,0,0,Yes,35,f,United States of America,United States of America,Sometimes
479,0,jun-25,1,1,Yes,45,male,United States of America,United States of America,Always
480,0,jun-25,0,0,Yes,22,Female,United States of America,United States of America,Sometimes
481,0,100-500,1,1,Yes,34,Male,United States of America,United States of America,Sometimes
482,0,26-100,1,1,I don't know,35,Male,United Kingdom,United Kingdom,Never
483,0,jun-25,1,1,Not eligible for coverage / N/A,26,Male,Denmark,Denmark,Never
484,0,More than 1000,1,1,Not eligible for coverage / N/A,24,Male,Australia,Australia,Sometimes
485,0,jun-25,1,1,I don't know,24,Male,United States of America,United States of America,Never
486,0,26-100,1,1,Yes,34,male,United States of America,United States of America,Sometimes
487,0,26-100,1,1,No,36,Male,Australia,Australia,Sometimes
488,0,500-1000,0,0,Yes,41,Male,Australia,Australia,Sometimes
489,0,More than 1000,1,1,Not eligible for coverage / N/A,21,Male,United States of America,United States of America,Never
490,0,100-500,1,1,I don't know,33,Male,Bangladesh,Bangladesh,Sometimes
491,0,More than 1000,1,1,I don't know,32,Male,India,India,Always
492,0,More than 1000,0,0,Yes,62,Female,United States of America,United States of America,Never
493,0,26-100,0,0,Yes,37,M,United States of America,United States of America,Sometimes
494,0,26-100,1,1,I don't know,32,male,United States of America,United States of America,Always
495,0,More than 1000,1,1,Yes,31,Male,United States of America,United States of America,Sometimes
496,0,jun-25,1,1,I don't know,28,Male,United States of America,United States of America,Sometimes
497,0,26-100,1,1,Yes,29,Male,Norway,Norway,Never
498,0,26-100,0,0,Yes,33,M,Germany,Germany,Never
499,0,26-100,0,0,I don't know,27,Male,Finland,Finland,Sometimes
500,0,26-100,0,0,Not eligible for coverage / N/A,24,m,Australia,Australia,Sometimes
501,0,01-may,1,1,Yes,42,Male,United States of America,United States of America,Always
502,0,26-100,1,1,No,28,m,United Kingdom,United Kingdom,Sometimes
503,0,500-1000,1,1,I don't know,40,Male,Canada,Canada,Always
504,0,More than 1000,1,1,Yes,32,Female,United States of America,United States of America,Always
505,0,jun-25,1,1,Yes,26,Male,United States of America,United States of America,Never
506,0,100-500,1,1,I don't know,39,Female,United States of America,United States of America,Sometimes
507,0,500-1000,0,0,Not eligible for coverage / N/A,38,Male,United Kingdom,United Kingdom,Never
508,0,More than 1000,1,1,Yes,34,Male,United States of America,United States of America,Sometimes
509,0,26-100,0,0,I don't know,44,Male,Netherlands,Netherlands,Never
510,0,100-500,1,1,Yes,24,male,Pakistan,Pakistan,Always
511,0,jun-25,1,1,Yes,31,Male,United States of America,United States of America,Sometimes
512,0,More than 1000,1,1,Yes,47,m,United States of America,United States of America,Sometimes
513,0,More than 1000,1,1,Not eligible for coverage / N/A,30,Male,Australia,Australia,Sometimes
514,0,jun-25,1,1,Yes,29,m,United States of America,United States of America,Sometimes
515,0,More than 1000,1,1,Yes,27,Male,United States of America,United States of America,Sometimes
516,0,More than 1000,0,0,Yes,29,male,United States of America,United States of America,Never
517,0,100-500,1,1,Yes,31,f,United States of America,United States of America,Sometimes
518,0,jun-25,0,0,I don't know,27,Male,Norway,Norway,Never
519,0,jun-25,1,1,No,29,M,United Kingdom,United Kingdom,Never
520,0,jun-25,1,1,Not eligible for coverage / N/A,29,Male,United Kingdom,United Kingdom,Never
521,0,More than 1000,1,1,Yes,42,Male,United States of America,United States of America,Sometimes
522,0,jun-25,1,1,Yes,26,Female,United States of America,United States of America,Always
523,0,jun-25,1,1,I don't know,26,male,Switzerland,Switzerland,Sometimes
524,0,100-500,0,0,Yes,24,Male,United States of America,United States of America,Sometimes
525,0,More than 1000,0,0,Yes,25,male,United States of America,United States of America,Never
526,0,jun-25,1,1,Yes,22,M,United States of America,United States of America,Sometimes
527,0,100-500,1,1,Yes,33,male,United States of America,United States of America,Sometimes
528,0,26-100,1,1,Yes,53,m,United States of America,United States of America,Always
529,0,26-100,1,1,Yes,32,M,Canada,Canada,Never
530,0,jun-25,1,1,No,32,male,United States of America,United States of America,Sometimes
531,0,jun-25,1,1,I don't know,27,male,France,France,Never
532,0,jun-25,1,1,Not eligible for coverage / N/A,34,Male,United Kingdom,United Kingdom,Always
533,0,jun-25,1,1,No,26,Male,United States of America,United States of America,Sometimes
534,0,26-100,1,1,I don't know,25,m,United States of America,United States of America,Never
535,0,More than 1000,1,1,Yes,39,Male,United Kingdom,United Kingdom,Sometimes
536,0,26-100,1,1,I don't know,32,male,United States of America,United States of America,Never
537,0,500-1000,1,1,I don't know,33,f,United Kingdom,United Kingdom,Never
538,0,26-100,1,1,Yes,58,Male,United States of America,United States of America,Sometimes
539,0,jun-25,1,1,No,30,male,Canada,Canada,Never
540,0,More than 1000,0,0,I don't know,45,male,United States of America,United States of America,Sometimes
541,0,01-may,1,1,No,26,f,Canada,Canada,Sometimes
542,0,100-500,1,1,Yes,22,Male,United States of America,United States of America,Never
543,0,jun-25,1,1,I don't know,21,Male,United States of America,United States of America,Sometimes
544,0,More than 1000,1,1,Yes,3,Male,Canada,Canada,Sometimes
545,0,500-1000,0,0,I don't know,34,m,United States of America,United States of America,Sometimes
546,0,26-100,1,1,I don't know,25,female,United States of America,United States of America,Sometimes
547,0,jun-25,1,1,Yes,27,Male,United States of America,United States of America,Sometimes
548,0,26-100,1,1,Yes,25,Female ,United States of America,United States of America,Never
549,0,500-1000,1,1,Yes,33,Male,United Kingdom,United Kingdom,Sometimes
550,0,jun-25,1,1,No,36,Female,United States of America,United States of America,Always
551,0,jun-25,1,1,No,26,Male,United Kingdom,United Kingdom,Never
552,0,jun-25,1,1,Not eligible for coverage / N/A,34,Male,United States of America,United States of America,Never
553,0,26-100,1,1,Yes,34,Male,United States of America,United States of America,Sometimes
554,0,More than 1000,0,0,Yes,25,Male,United States of America,United States of America,Sometimes
555,0,26-100,1,1,No,27,f,Canada,Canada,Sometimes
556,0,26-100,1,1,I don't know,24,Female,Canada,Canada,Never
557,0,More than 1000,0,0,Yes,47,female,United States of America,United States of America,Sometimes
558,0,26-100,1,1,Yes,37,Male,United States of America,United States of America,Sometimes
559,0,More than 1000,0,0,I don't know,35,f,United States of America,United States of America,Sometimes
560,0,100-500,0,0,Yes,30,Male,United States of America,United States of America,Always
561,0,More than 1000,0,0,Yes,42,male,United States of America,United States of America,Never
562,0,100-500,1,1,Yes,31,male,United States of America,United States of America,Always
563,0,100-500,1,1,Yes,28,female,United States of America,United States of America,Always
564,0,26-100,0,0,Yes,36,Female,United States of America,United States of America,Sometimes
565,0,jun-25,1,1,Yes,36,Female,United States of America,United States of America,Never
566,0,26-100,0,0,I don't know,32,m,Canada,Canada,Sometimes
567,0,100-500,1,1,Yes,41,Female,United States of America,United States of America,Never
568,0,26-100,0,0,Yes,36,Male,Sweden,Sweden,Sometimes
569,0,26-100,1,1,Yes,23,Male,United States of America,United States of America,Sometimes
570,0,More than 1000,0,0,Yes,54,Female,United States of America,United States of America,Never
571,0,26-100,0,0,I don't know,34,female,United States of America,United States of America,Never
572,0,jun-25,1,1,I don't know,36,m,Netherlands,Netherlands,Never
573,0,01-may,1,1,Yes,27,male,United States of America,United States of America,Never
574,0,100-500,1,1,Yes,32,male,United States of America,United States of America,Always
575,0,jun-25,1,1,Yes,21,Male,Germany,Germany,Never
576,0,01-may,1,1,I don't know,44,m,United States of America,United States of America,Always
577,0,26-100,1,1,I don't know,33,m,United States of America,United States of America,Always
578,0,More than 1000,1,1,Yes,38,M,United Kingdom,United Kingdom,Sometimes
579,0,More than 1000,1,1,Yes,38,Male,Ireland,Ireland,Sometimes
580,0,01-may,1,1,I don't know,22,Female,Brazil,Brazil,Always
581,0,More than 1000,0,0,I don't know,27,f,Canada,Canada,Never
582,0,jun-25,0,0,No,66,male,United States of America,United States of America,Sometimes
583,0,01-may,0,0,I don't know,25,Male,United States of America,United States of America,Sometimes
584,0,26-100,1,1,Not eligible for coverage / N/A,22,Male,Netherlands,Netherlands,Never
585,0,26-100,1,1,No,29,male,Brazil,Brazil,Sometimes
586,0,100-500,1,1,No,33,Male,New Zealand,New Zealand,Never
587,0,jun-25,1,1,No,27,Male,Sweden,Sweden,Never
588,0,jun-25,1,1,I don't know,44,male,United States of America,United States of America,Sometimes
589,0,jun-25,,0,I don't know,32,M,United States of America,United States of America,Always
590,0,500-1000,,0,Yes,59,female,United States of America,United States of America,Never
591,0,More than 1000,1,1,Yes,32,Male,United States of America,United States of America,Always
592,0,More than 1000,0,0,Not eligible for coverage / N/A,41,male,United Kingdom,United Kingdom,Never
593,0,01-may,1,1,No,38,f,United States of America,United States of America,Always
594,0,More than 1000,0,0,No,43,Male,United Kingdom,United Kingdom,Never
595,0,100-500,1,1,Yes,29,Female,United States of America,United States of America,Always
596,0,100-500,1,1,I don't know,25,female ,United States of America,United States of America,Never
597,0,26-100,1,1,Yes,49,Male,Afghanistan,Afghanistan,Never
598,0,26-100,1,1,No,36,Male,Pakistan,United States of America,Always
599,0,26-100,1,1,I don't know,28,Male,United States of America,United States of America,Sometimes
600,0,More than 1000,,0,I don't know,37,m,United States of America,United States of America,Sometimes
601,0,jun-25,,0,Not eligible for coverage / N/A,23,female,United States of America,United States of America,Sometimes
602,0,More than 1000,,0,Yes,32,male,United States of America,United States of America,Never
603,0,01-may,1,1,No,28,Male,Canada,Canada,Always
604,0,More than 1000,0,0,I don't know,28,M,United Kingdom,United Kingdom,Never
605,0,More than 1000,1,1,Yes,29,Male,United States of America,United States of America,Never
606,0,100-500,1,1,I don't know,35,Male,United States of America,United States of America,Always
607,0,500-1000,1,1,Not eligible for coverage / N/A,35,Male,Sweden,Sweden,Always
608,0,More than 1000,0,0,Yes,31,Male,United Kingdom,United Kingdom,Sometimes
609,0,More than 1000,1,1,Yes,37,m,Canada,Canada,Always
610,0,jun-25,1,1,I don't know,34,Female,United States of America,United States of America,Sometimes
611,0,26-100,1,1,Yes,39,f,United States of America,United States of America,Sometimes
612,0,100-500,1,1,Yes,29,female,United States of America,United States of America,Always
613,0,More than 1000,1,1,Yes,63,Male,United States of America,United States of America,Sometimes
614,0,More than 1000,0,0,No,28,f,United Kingdom,United Kingdom,Never
615,0,jun-25,1,1,No,19,Male,India,India,Always
616,0,More than 1000,1,1,Yes,40,Male,United States of America,United States of America,Always
617,0,More than 1000,0,0,Yes,49,F,United States of America,United States of America,Sometimes
618,0,jun-25,1,1,Not eligible for coverage / N/A,27,Female,Australia,Australia,Sometimes
619,0,More than 1000,0,0,Yes,39,male,United States of America,United States of America,Never
620,0,More than 1000,0,0,I don't know,35,Male,United Kingdom,United Kingdom,Never
621,0,26-100,1,1,I don't know,35,M,United States of America,United States of America,Sometimes
622,0,26-100,1,1,Yes,42,female,United States of America,United States of America,Sometimes
623,0,jun-25,1,1,Yes,35,Male,Canada,Canada,Sometimes
624,0,100-500,1,1,I don't know,31,female,United States of America,United States of America,Sometimes
625,0,100-500,1,1,Yes,39,Male,United States of America,United States of America,Sometimes
626,0,More than 1000,1,1,I don't know,45,m,New Zealand,New Zealand,Sometimes
627,0,26-100,1,1,No,29,M,United States of America,United States of America,Sometimes
628,0,jun-25,1,1,Yes,20,Male,United States of America,United States of America,Always
629,0,100-500,1,1,Not eligible for coverage / N/A,34,m,United States of America,United States of America,Never
630,0,500-1000,1,1,Not eligible for coverage / N/A,33,m,United Kingdom,United Kingdom,Never
631,0,100-500,1,1,Yes,31,m,United States of America,United States of America,Sometimes
632,0,More than 1000,1,1,Yes,36,Male,United States of America,United States of America,Sometimes
633,0,100-500,1,1,Yes,30,Male,United States of America,United States of America,Always
634,0,More than 1000,0,0,Yes,44,F,United States of America,United States of America,Never
635,0,01-may,1,1,I don't know,23,Female,United States of America,United States of America,Sometimes
636,0,More than 1000,0,0,Yes,46,Male,United States of America,United States of America,Never
637,0,100-500,1,1,Yes,33,female,United States of America,United States of America,Always
638,0,500-1000,0,0,Yes,32,female,United States of America,United States of America,Never
639,0,jun-25,1,1,No,26,male,United States of America,United States of America,Sometimes
640,0,More than 1000,1,1,I don't know,28,m,United States of America,United States of America,Sometimes
641,0,More than 1000,1,1,Yes,30,Male,United States of America,United States of America,Sometimes
642,0,jun-25,1,1,I don't know,28,F,United States of America,United States of America,Sometimes
643,0,100-500,1,1,Yes,31,M,Canada,Canada,Always
644,0,100-500,1,1,Yes,29,male,United States of America,United States of America,Sometimes
645,0,26-100,1,1,I don't know,33,Male,United States of America,United States of America,Sometimes
646,0,More than 1000,1,1,Yes,43,female,United States of America,United States of America,Always
647,0,100-500,1,1,I don't know,28,Male,Australia,Australia,Always
648,0,100-500,1,1,Yes,38,Male,United States of America,United States of America,Always
649,0,jun-25,0,0,Yes,30,Male,United States of America,United States of America,Sometimes
650,0,26-100,1,1,I don't know,48,F,United States of America,United States of America,Never
651,0,jun-25,1,1,No,28,Male,Australia,Australia,Sometimes
652,0,100-500,1,1,Yes,37,Male,United States of America,United States of America,Always
653,0,More than 1000,1,1,Yes,33,Male,United States of America,United States of America,Sometimes
654,0,jun-25,1,1,Not eligible for coverage / N/A,21,Male,Australia,Australia,Never
655,0,26-100,,0,Yes,25,male,United States of America,United States of America,Sometimes
656,0,100-500,1,1,Yes,40,Male,United States of America,United States of America,Always
657,0,100-500,0,0,No,30,Female,Canada,Canada,Sometimes
658,0,01-may,1,1,No,25,male,India,India,Never
659,0,More than 1000,1,1,Yes,38,Male,Germany,Germany,Sometimes
660,0,100-500,0,0,I don't know,24,Male,United Kingdom,United Kingdom,Never
661,0,jun-25,1,1,Not eligible for coverage / N/A,23,Male,United Kingdom,United Kingdom,Never
662,0,jun-25,1,1,I don't know,26,male,United States of America,United States of America,Sometimes
663,0,More than 1000,0,0,I don't know,43,Male,United Kingdom,United Kingdom,Never
664,0,jun-25,1,1,I don't know,30,Male,New Zealand,New Zealand,Always
665,0,26-100,0,0,I don't know,40,M,United Kingdom,United Kingdom,Sometimes
666,0,26-100,0,0,Yes,33,Female,United Kingdom,United Kingdom,Never
667,0,jun-25,1,1,No,22,Male,United Kingdom,United Kingdom,Never
668,0,100-500,1,1,Yes,28,Male,United States of America,United States of America,Always
669,0,More than 1000,1,1,Yes,39,M,United States of America,United States of America,Sometimes
670,0,100-500,1,1,I don't know,33,M,United States of America,United States of America,Always
671,0,jun-25,1,1,I don't know,37,Male,United States of America,United States of America,Sometimes
672,0,500-1000,1,1,I don't know,41,f,France,France,Never
673,0,More than 1000,1,1,Yes,30,Female,United States of America,United States of America,Sometimes
674,0,More than 1000,1,1,Yes,42,Male,United States of America,United States of America,Sometimes
675,0,jun-25,1,1,Yes,52,Male,United States of America,United States of America,Sometimes
676,0,26-100,1,1,No,30,male,Romania,United States of America,Always
677,0,500-1000,1,1,Yes,35,Male,United States of America,United States of America,Sometimes
678,0,26-100,1,1,I don't know,24,Male,United States of America,United States of America,Sometimes
679,0,jun-25,1,1,I don't know,39,Male,United States of America,United States of America,Sometimes
680,0,jun-25,1,1,Yes,34,Male,United States of America,United States of America,Sometimes
681,0,26-100,0,0,No,43,Male,Poland,Poland,Never
682,0,jun-25,1,1,Yes,39,male,United States of America,United States of America,Sometimes
683,0,26-100,1,1,Yes,34,Male,United States of America,United States of America,Sometimes
684,0,More than 1000,0,0,Yes,38,Male,United Kingdom,United Kingdom,Sometimes
685,0,100-500,1,1,Yes,26,f,United States of America,United States of America,Always
686,0,jun-25,1,1,No,24,male,Bulgaria,Bulgaria,Sometimes
687,0,More than 1000,0,0,I don't know,27,Female,United States of America,United States of America,Sometimes
688,0,jun-25,1,1,Yes,25,male,United States of America,United States of America,Never
689,0,More than 1000,0,0,Yes,33,Male,Canada,Canada,Sometimes
690,0,26-100,0,0,No,34,Male,United States of America,United States of America,Sometimes
691,0,26-100,1,1,I don't know,27,Male,Canada,Canada,Sometimes
692,0,100-500,1,1,Yes,33,Male,United States of America,United States of America,Sometimes
693,0,jun-25,1,1,Yes,50,m,United States of America,United States of America,Sometimes
694,0,More than 1000,1,1,Yes,32,female ,Canada,Canada,Sometimes
695,0,jun-25,1,1,I don't know,39,m,Canada,Canada,Sometimes
696,0,jun-25,1,1,I don't know,36,Male,United States of America,United States of America,Sometimes
697,0,100-500,1,1,I don't know,34,Male,Canada,Canada,Sometimes
698,0,100-500,1,1,I don't know,31,female,United States of America,United States of America,Sometimes
699,0,More than 1000,0,0,No,36,male,United States of America,United States of America,Never
700,0,More than 1000,0,0,I don't know,48,Male,United States of America,United States of America,Sometimes
701,0,jun-25,1,1,I don't know,31,male,United States of America,United States of America,Never
702,0,01-may,1,1,No,32,M,United States of America,United States of America,Always
703,0,100-500,1,1,I don't know,32,M,United States of America,United States of America,Always
704,0,01-may,1,1,Not eligible for coverage / N/A,28,Female,United States of America,United States of America,Sometimes
705,0,More than 1000,0,0,I don't know,28,male,United Kingdom,United Kingdom,Never
706,0,26-100,1,1,Yes,33,F,United States of America,United States of America,Sometimes
707,0,100-500,1,1,I don't know,37,Male,United States of America,United States of America,Always
708,0,jun-25,1,1,I don't know,27,female,Germany,Germany,Always
709,0,More than 1000,1,1,No,39,Male,United States of America,United States of America,Always
710,0,More than 1000,0,0,Yes,34,Female,United States of America,United States of America,Never
711,0,jun-25,1,1,Not eligible for coverage / N/A,31,Female,Other,Other,Always
712,0,More than 1000,0,0,Yes,39,male,United States of America,United States of America,Sometimes
713,0,26-100,1,1,I don't know,46,Male,United States of America,United States of America,Sometimes
714,0,More than 1000,1,1,I don't know,28,M,United States of America,United States of America,Sometimes
715,0,26-100,1,1,I don't know,32,male,France,France,Sometimes
716,0,26-100,0,0,I don't know,51,male,United States of America,United States of America,Sometimes
717,0,500-1000,0,0,I don't know,29,Male,United States of America,United States of America,Sometimes
718,0,01-may,1,1,No,32,Male,Iran,Iran,Sometimes
719,0,More than 1000,0,0,Not eligible for coverage / N/A,52,m,Switzerland,Switzerland,Never
720,0,More than 1000,0,,Yes,35,Male,United States of America,United States of America,Never
721,0,26-100,1,1,No,38,male,Ireland,Ireland,Sometimes
722,0,jun-25,0,,I don't know,27,Male,United States of America,United States of America,Never
723,0,jun-25,1,1,I don't know,40,Female,United States of America,United States of America,Always
724,0,500-1000,0,,Not eligible for coverage / N/A,32,Male,South Africa,South Africa,Never
725,0,100-500,0,,Yes,28,female,Germany,Germany,Never
726,0,More than 1000,0,,No,42,male,United States of America,United States of America,Sometimes
727,0,01-may,1,1,No,31,Male,United States of America,United States of America,Sometimes
728,0,jun-25,1,1,No,35,M,Canada,Canada,Never
729,0,26-100,1,1,Not eligible for coverage / N/A,35,Male,Australia,Australia,Sometimes
730,0,26-100,1,1,Yes,24,Male,United States of America,United States of America,Never
731,0,jun-25,1,1,No,23,male,India,India,Sometimes
732,0,jun-25,1,1,No,38,Male,France,France,Always
733,0,26-100,1,1,I don't know,33,M,France,France,Sometimes
734,0,26-100,1,1,I don't know,35,Male,United Kingdom,United Kingdom,Sometimes
735,0,100-500,1,1,I don't know,30,female,Germany,Germany,Never
736,0,500-1000,1,1,I don't know,28,male,United States of America,United States of America,Sometimes
737,0,jun-25,1,1,No,39,m,Germany,Germany,Sometimes
738,0,01-may,1,1,No,21,m,United States of America,United States of America,Always
739,0,jun-25,1,1,Yes,31,male,Germany,Germany,Sometimes
740,0,More than 1000,1,1,I don't know,30,male,United States of America,United States of America,Sometimes
741,0,26-100,1,1,Yes,25,Female,United States of America,United States of America,Sometimes
742,0,jun-25,1,1,Not eligible for coverage / N/A,26,Male,United Kingdom,United Kingdom,Always
743,0,26-100,1,1,Yes,30,male,United States of America,United States of America,Never
744,0,500-1000,1,1,No,30,M,Italy,Italy,Never
745,0,100-500,1,1,I don't know,31,Male,Bulgaria,Bulgaria,Always
746,0,100-500,1,1,I don't know,32,M,United States of America,United States of America,Never
747,0,26-100,0,,No,45,female,United Kingdom,United Kingdom,Always
748,0,26-100,1,1,Yes,27,Male,United States of America,United States of America,Always
749,0,26-100,1,1,Not eligible for coverage / N/A,28,Female,United Kingdom,United Kingdom,Always
750,0,500-1000,1,1,Yes,38,m,United States of America,United States of America,Always
751,0,500-1000,0,,Yes,38,male,United States of America,United States of America,Sometimes
752,0,More than 1000,1,1,I don't know,34,Male,Hungary,Hungary,Sometimes
753,0,jun-25,1,1,I don't know,23,male,France,France,Sometimes
754,0,100-500,0,,Yes,40,Female,United States of America,United States of America,Sometimes
755,0,26-100,1,1,I don't know,28,Male,United States of America,United States of America,Never
756,0,jun-25,1,1,I don't know,33,male,United States of America,United States of America,Sometimes
757,0,More than 1000,0,,Yes,32,Male,United States of America,United States of America,Never
758,0,More than 1000,1,1,Yes,27,M,United States of America,United States of America,Never
759,0,100-500,1,1,No,33,Male,Israel,Israel,Never
760,0,100-500,0,,I don't know,34,Male,Japan,Japan,Never
761,0,More than 1000,0,,Yes,35,M,United States of America,United States of America,Never
762,0,26-100,1,1,Yes,39,M,United States of America,United States of America,Sometimes
763,0,More than 1000,0,,Yes,35,male,United States of America,United States of America,Never
764,0,100-500,0,0,I don't know,34,Male,United States of America,United States of America,Sometimes
765,0,500-1000,0,0,Yes,42,M,United States of America,United States of America,Always
766,0,jun-25,0,0,Yes,30,Male,United States of America,United States of America,Always
767,0,26-100,0,0,Yes,55,Male,United States of America,United States of America,Never
768,0,26-100,1,1,No,46,m,United States of America,United States of America,Sometimes
769,0,100-500,0,0,Yes,33,male,United States of America,United States of America,Sometimes
770,0,26-100,0,0,Yes,30,Male,United States of America,United States of America,Sometimes
771,0,26-100,1,1,No,30,male,United Kingdom,United Kingdom,Sometimes
772,0,More than 1000,1,1,Yes,31,Female,United States of America,United States of America,Never
773,0,More than 1000,1,1,Yes,38,Male,Ireland,Ireland,Sometimes
774,0,100-500,1,1,Yes,30,female,United Kingdom,United Kingdom,Sometimes
775,0,500-1000,1,1,Yes,32,Male,United States of America,United States of America,Sometimes
776,0,More than 1000,0,0,No,32,Male,United Kingdom,United Kingdom,Never
777,0,26-100,1,1,Yes,47,Male,United States of America,United States of America,Sometimes
778,0,jun-25,1,1,No,39,Male,United Kingdom,United Kingdom,Always
779,0,100-500,0,0,I don't know,35,Male,United States of America,United States of America,Sometimes
780,0,100-500,1,1,Yes,36,Male,United States of America,United States of America,Sometimes
781,0,100-500,0,0,Yes,38,female,United States of America,United States of America,Always
782,0,100-500,1,1,I don't know,30,Male,United States of America,United States of America,Sometimes
783,0,26-100,1,1,I don't know,33,Male,United States of America,United States of America,Sometimes
784,0,jun-25,1,1,I don't know,22,male,United States of America,United States of America,Never
785,0,26-100,0,0,I don't know,26,m,United States of America,United States of America,Never
786,0,100-500,1,1,Yes,34,Male,United States of America,United States of America,Always
787,0,100-500,1,1,No,37,male,Bulgaria,Bulgaria,Always
788,0,01-may,1,1,No,43,M,Switzerland,Switzerland,Sometimes
789,0,500-1000,1,1,I don't know,30,Female,United States of America,United States of America,Sometimes
790,0,More than 1000,1,1,Yes,32,Male,United States of America,United States of America,Sometimes
791,0,More than 1000,0,0,Yes,35,male,United States of America,United States of America,Always
792,0,26-100,1,1,Yes,29,male,United States of America,United States of America,Sometimes
793,0,500-1000,0,0,No,29,male,United States of America,United States of America,Never
794,0,More than 1000,1,1,Yes,30,m,United States of America,United States of America,Always
795,0,100-500,1,1,I don't know,30,male,United States of America,United States of America,Never
796,0,100-500,1,1,Yes,38,Male,United States of America,United States of America,Always
797,0,26-100,0,0,Yes,30,Male,Brazil,Brazil,Never
798,0,26-100,1,1,No,26,Male,Netherlands,Netherlands,Never
799,0,01-may,1,1,No,24,Male,United States of America,United States of America,Always
800,0,100-500,1,1,Yes,35,male,United States of America,United States of America,Never
801,0,More than 1000,1,1,Yes,38,Male,Sweden,Sweden,Sometimes
802,0,100-500,1,1,Yes,36,m,United States of America,United States of America,Sometimes
803,0,26-100,1,1,Yes,35,Male,United States of America,United States of America,Sometimes
804,0,jun-25,1,1,I don't know,25,Male,United States of America,United States of America,Sometimes
805,0,100-500,1,1,I don't know,32,Female,Sweden,Sweden,Never
806,0,100-500,1,1,No,32,f,United States of America,United States of America,Never
807,0,100-500,1,1,I don't know,28,Male,Germany,Germany,Sometimes
808,0,500-1000,1,1,Yes,34,Female,United Kingdom,United Kingdom,Sometimes
809,0,More than 1000,1,1,Yes,40,Female,United States of America,United States of America,Never
810,0,More than 1000,1,1,Yes,45,Male,United States of America,United States of America,Never
811,0,100-500,1,1,I don't know,31,Male,Sweden,Sweden,Sometimes
812,0,More than 1000,0,0,Yes,30,male,United States of America,United States of America,Sometimes
813,0,More than 1000,0,0,Yes,47,female,United Kingdom,United Kingdom,Sometimes
814,0,100-500,1,1,I don't know,48,m,United Kingdom,United Kingdom,Sometimes
815,0,More than 1000,1,1,Not eligible for coverage / N/A,29,Male,United States of America,United States of America,Never
816,0,More than 1000,0,0,Yes,52,m,United States of America,United States of America,Always
817,0,100-500,1,1,Yes,34,Female,Sweden,Sweden,Sometimes
818,0,100-500,1,1,Yes,34,male,Netherlands,Netherlands,Never
819,0,More than 1000,1,1,I don't know,27,Male,United States of America,United States of America,Sometimes
820,0,More than 1000,1,1,No,30,Male,Russia,Russia,Sometimes
821,0,jun-25,1,1,Yes,40,Male,United Kingdom,United Kingdom,Sometimes
822,0,26-100,0,0,I don't know,35,Male,United Kingdom,United Kingdom,Always
823,0,More than 1000,0,0,Yes,43,Female,United Kingdom,United Kingdom,Never
824,0,26-100,0,0,No,36,Female,United Kingdom,United Kingdom,Sometimes
825,0,100-500,0,0,Yes,32,Female,United States of America,United States of America,Sometimes
826,0,More than 1000,1,1,No,38,Male,New Zealand,New Zealand,Never
827,0,More than 1000,0,0,Yes,35,Male,United States of America,United States of America,Always
828,0,100-500,1,1,Not eligible for coverage / N/A,35,F,Australia,Australia,Sometimes
829,0,More than 1000,1,1,Yes,45,m,United States of America,United States of America,Always
830,0,100-500,1,1,I don't know,27,male,United States of America,United States of America,Sometimes
831,0,26-100,1,1,I don't know,26,Male,United States of America,United States of America,Sometimes
832,0,26-100,1,1,No,25,Male,Ecuador,Ecuador,Sometimes
833,0,100-500,1,1,No,41,male,South Africa,South Africa,Sometimes
834,0,More than 1000,0,0,Yes,34,Male,United States of America,United States of America,Sometimes
835,0,100-500,1,1,No,43,Male,Sweden,Sweden,Never
836,0,26-100,1,1,I don't know,33,Male,United Kingdom,United Kingdom,Never
837,0,26-100,1,1,No,27,Female,United Kingdom,United Kingdom,Never
838,0,More than 1000,0,0,I don't know,38,m,Italy,Italy,Never
839,0,More than 1000,1,1,No,42,male,Germany,Germany,Sometimes
840,0,26-100,1,1,Yes,30,Male,United Kingdom,United Kingdom,Sometimes
841,0,500-1000,1,1,Yes,43,M,Australia,Australia,Sometimes
842,0,01-may,1,1,Not eligible for coverage / N/A,37,Female,Australia,Australia,Always
843,0,100-500,1,1,Yes,25,male,United States of America,United States of America,Sometimes
844,0,More than 1000,1,1,Not eligible for coverage / N/A,27,Male,Australia,Australia,Sometimes
845,0,More than 1000,0,0,Yes,27,Male,United States of America,United States of America,Never
846,0,jun-25,1,1,No,24,male,United Kingdom,United Kingdom,Never
847,0,100-500,1,1,Not eligible for coverage / N/A,31,m,Switzerland,Switzerland,Never
848,0,26-100,1,1,I don't know,31,male ,Germany,Germany,Sometimes
849,0,More than 1000,1,1,Yes,32,male,United States of America,United States of America,Sometimes
850,0,More than 1000,1,1,No,33,Male,Australia,Australia,Sometimes
851,0,More than 1000,1,1,Yes,43,Male,United States of America,United States of America,Sometimes
852,0,More than 1000,1,1,Yes,49,Male,Australia,Australia,Sometimes
853,0,26-100,1,1,No,35,male,Bulgaria,Bulgaria,Sometimes
854,0,More than 1000,1,1,Yes,53,Male,Canada,Canada,Sometimes
855,0,100-500,1,1,I don't know,45,m,United States of America,United States of America,Never
856,0,100-500,1,1,Yes,40,Male,United States of America,United States of America,Sometimes
857,0,More than 1000,,0,Not eligible for coverage / N/A,52,Male,United States of America,United States of America,Sometimes
858,0,More than 1000,1,1,Yes,41,Male,New Zealand,New Zealand,Always
859,0,100-500,1,1,Not eligible for coverage / N/A,31,Male,Switzerland,Switzerland,Sometimes
860,0,100-500,1,1,No,44,Male,Australia,Australia,Sometimes
861,0,More than 1000,1,1,Yes,37,m,United States of America,United States of America,Sometimes
862,0,jun-25,0,0,No,22,Male,Brazil,Brazil,Always
863,0,26-100,1,1,Yes,31,Female,United States of America,United States of America,Sometimes
864,0,26-100,1,1,No,36,female,Bulgaria,Bulgaria,Sometimes
865,0,500-1000,0,0,I don't know,25,female,United States of America,United States of America,Sometimes
866,0,01-may,1,1,Not eligible for coverage / N/A,22,f,United States of America,United States of America,Always
867,0,500-1000,1,1,Yes,36,f,United States of America,United States of America,Sometimes
868,0,26-100,1,1,Yes,26,female,United States of America,United States of America,Sometimes
869,0,More than 1000,0,0,Yes,43,Male,United States of America,United States of America,Sometimes
870,0,More than 1000,1,1,Not eligible for coverage / N/A,39,Male,Australia,Australia,Sometimes
871,0,More than 1000,0,0,Yes,46,Male,United Kingdom,United Kingdom,Sometimes
872,0,01-may,1,1,Not eligible for coverage / N/A,32,M,United Kingdom,United Kingdom,Sometimes
873,0,100-500,1,1,I don't know,44,m,Sweden,Sweden,Sometimes
874,0,More than 1000,0,0,Yes,36,male,United States of America,United States of America,Never
875,0,More than 1000,0,0,I don't know,31,female,United Kingdom,United Kingdom,Never
876,0,100-500,1,1,Yes,36,male,United States of America,United States of America,Sometimes
877,0,01-may,1,1,No,23,male,Canada,Canada,Never
878,0,26-100,1,1,Yes,23,M,Canada,Canada,Always
879,0,jun-25,1,1,No,49,Female,United States of America,United States of America,Sometimes
880,0,jun-25,1,1,No,25,m,Bosnia and Herzegovina,Bosnia and Herzegovina,Never
881,0,jun-25,0,0,No,39,Male,United Kingdom,United Kingdom,Sometimes
882,0,More than 1000,1,1,No,37,male,Germany,Germany,Never
883,0,26-100,1,1,I don't know,26,Male,United States of America,United States of America,Sometimes
884,0,100-500,1,1,I don't know,41,Male,United States of America,United States of America,Sometimes
885,0,jun-25,1,1,No,28,Male,Netherlands,Netherlands,Never
886,0,100-500,1,1,Not eligible for coverage / N/A,33,Male,Sweden,Sweden,Sometimes
887,0,100-500,,0,No,74, Female,United States of America,United States of America,Sometimes
888,0,100-500,,0,I don't know,28,Male,Netherlands,Netherlands,Sometimes
889,0,jun-25,1,1,No,47,Male,United States of America,United States of America,Sometimes
890,0,100-500,0,0,I don't know,25,male,Bosnia and Herzegovina,Bosnia and Herzegovina,Never
891,0,100-500,0,0,Yes,51,M,United States of America,United States of America,Never
892,0,More than 1000,1,1,Yes,26,male,United States of America,United States of America,Never
893,0,26-100,1,1,Yes,24,Male,United States of America,United States of America,Never
894,0,26-100,1,1,Yes,32,Female ,United States of America,United States of America,Sometimes
895,0,jun-25,1,1,Yes,57,male,United States of America,United States of America,Always
896,0,More than 1000,0,0,Yes,39,Male,United States of America,United States of America,Never
897,0,jun-25,1,1,No,26,Female,United States of America,United States of America,Sometimes
898,0,100-500,0,,I don't know,38,Male,United States of America,United States of America,Sometimes
899,0,01-may,1,1,Yes,33,Male,Finland,Finland,Sometimes
900,0,jun-25,1,1,Yes,30,Male,United States of America,United States of America,Sometimes
901,0,100-500,1,1,I don't know,25,Female ,United States of America,United States of America,Sometimes
902,0,26-100,1,1,Yes,40,Male,United States of America,United States of America,Sometimes
903,0,More than 1000,0,,Yes,26,Female,United States of America,United States of America,Sometimes
904,0,More than 1000,0,,Yes,34,Male,United States of America,United States of America,Never
905,0,More than 1000,0,,Yes,46,F,United States of America,United States of America,Sometimes
906,0,More than 1000,0,,Not eligible for coverage / N/A,31,female,United States of America,United States of America,Sometimes
907,0,More than 1000,1,1,I don't know,30,Male,United States of America,United States of America,Sometimes
908,0,01-may,1,1,Not eligible for coverage / N/A,29,male,Austria,Austria,Never
909,0,100-500,1,1,Yes,31,M,United States of America,United States of America,Never
910,0,26-100,1,1,I don't know,40,Male,United States of America,United States of America,Always
911,0,26-100,1,1,Yes,39,m,United States of America,United States of America,Always
912,0,26-100,1,1,Yes,37,male,United States of America,United States of America,Sometimes
913,0,26-100,1,1,I don't know,27,Male,United States of America,United States of America,Always
914,0,26-100,1,1,I don't know,45,m,United States of America,United States of America,Always
915,0,26-100,1,1,I don't know,29,M,United States of America,United States of America,Sometimes
916,0,26-100,1,1,Yes,47,female,United States of America,United States of America,Sometimes
917,0,100-500,1,1,I don't know,33,male,United States of America,United States of America,Always
918,0,26-100,1,1,I don't know,32,Male,United States of America,United States of America,Always
919,0,26-100,1,1,I don't know,29,Male,United States of America,United States of America,Sometimes
920,0,26-100,1,1,Yes,36,Male,United States of America,United States of America,Sometimes
921,0,jun-25,1,1,I don't know,35,F,United States of America,United States of America,Never
922,0,26-100,1,1,Yes,40,Male,United States of America,United States of America,Always
923,0,26-100,1,1,Yes,36,male,United States of America,United States of America,Always
924,0,More than 1000,0,,I don't know,39,Female,United States of America,United States of America,Sometimes
925,0,26-100,1,1,Yes,38,Male,United States of America,United States of America,Always
926,0,01-may,1,1,I don't know,23,Male,United States of America,United States of America,Sometimes
927,0,500-1000,0,,No,29,male,United States of America,United States of America,Sometimes
928,0,100-500,1,1,I don't know,38,Male,United States of America,United States of America,Always
929,0,More than 1000,0,,Yes,34,Female,United States of America,United States of America,Sometimes
930,0,More than 1000,1,1,No,28,male,Brazil,Brazil,Never
931,0,jun-25,1,1,No,38,Male,New Zealand,New Zealand,Sometimes
932,0,26-100,1,1,Yes,25,female,United States of America,United States of America,Never
933,0,More than 1000,0,,Yes,36,female,United States of America,United States of America,Sometimes
934,0,More than 1000,1,1,Not eligible for coverage / N/A,57,Female,United States of America,United States of America,Sometimes
935,0,More than 1000,0,,I don't know,46,male,Ireland,Ireland,Sometimes
936,0,More than 1000,1,1,Yes,49,Male,United States of America,United States of America,Never
937,0,More than 1000,1,1,I don't know,34,m,United States of America,United States of America,Never
938,0,26-100,1,1,I don't know,43,Male,United Kingdom,United Kingdom,Sometimes
939,0,More than 1000,0,,Not eligible for coverage / N/A,24,m,Sweden,Sweden,Sometimes
940,0,More than 1000,0,0,Yes,33,Male,United States of America,United States of America,Sometimes
941,0,01-may,1,1,I don't know,28,Male,Finland,Finland,Never
942,0,More than 1000,1,1,Yes,48,Male,Germany,Germany,Sometimes
943,0,26-100,1,1,Yes,33,female,United States of America,United States of America,Always
944,0,100-500,1,1,Not eligible for coverage / N/A,40,male,Italy,United States of America,Never
945,0,100-500,1,1,No,22,female,United States of America,United States of America,Never
946,0,100-500,1,1,Yes,23,Female,United States of America,United States of America,Sometimes
947,0,More than 1000,0,0,No,33,male,Germany,Germany,Never
948,0,jun-25,1,1,I don't know,29,Male,Netherlands,Netherlands,Never
949,0,More than 1000,1,1,Yes,32,Male,United States of America,United States of America,Always
950,0,26-100,1,1,Yes,43,m,United States of America,United States of America,Sometimes
951,0,More than 1000,0,0,Yes,49,Male,United States of America,United States of America,Sometimes
952,0,More than 1000,0,0,No,44,Male,Italy,Sweden,Always
953,0,26-100,1,1,No,27,male,Canada,Canada,Never
954,0,jun-25,0,0,I don't know,30,Male,United States of America,United States of America,Never
955,0,01-may,1,1,No,43,F,United States of America,United States of America,Sometimes
956,0,26-100,1,1,Yes,30,Female ,United States of America,United States of America,Sometimes
957,0,26-100,0,0,Yes,33,Female,United States of America,United States of America,Sometimes
958,0,jun-25,1,1,I don't know,26,female,United States of America,United States of America,Never
959,0,100-500,0,0,I don't know,47,m,Ireland,Ireland,Sometimes
960,0,jun-25,1,1,I don't know,30,Male,United States of America,United States of America,Never
961,0,jun-25,1,1,I don't know,39,Male,United States of America,United States of America,Never
962,0,100-500,1,1,I don't know,36,male,United States of America,United States of America,Never
963,0,jun-25,1,1,No,34,male,United Kingdom,United Kingdom,Always
964,0,26-100,1,1,Yes,25,female,United States of America,United States of America,Never
965,0,26-100,0,0,I don't know,28,Male,Finland,Finland,Sometimes
966,0,More than 1000,1,1,Yes,38,Male,United States of America,United States of America,Sometimes
967,0,100-500,1,1,Yes,39,Male,United States of America,United States of America,Always
968,0,jun-25,0,0,I don't know,32,Male,United States of America,United States of America,Never
969,0,26-100,0,0,I don't know,27,female,United States of America,United States of America,Never
970,0,500-1000,1,1,Yes,31,female,United States of America,United States of America,Sometimes
971,0,26-100,1,1,I don't know,30,female,United Kingdom,United Kingdom,Never
972,0,26-100,1,1,I don't know,26,Male,United States of America,United States of America,Always
973,0,100-500,1,1,Yes,27,Female,United Kingdom,United Kingdom,Always
974,0,26-100,1,1,I don't know,29,Male,United States of America,United States of America,Never
975,0,More than 1000,0,0,I don't know,39,Male,United States of America,United States of America,Sometimes
976,0,500-1000,1,1,Yes,28,Male,United States of America,United States of America,Sometimes
977,0,26-100,1,1,Yes,70,Male,United States of America,United States of America,Always
978,0,jun-25,1,1,No,25,Male,Germany,Germany,Sometimes
979,0,26-100,1,1,I don't know,45,Male,United Kingdom,United Kingdom,Sometimes
980,0,More than 1000,0,0,Yes,63,F,United States of America,United States of America,Never
981,0,26-100,1,1,Yes,40,male,United States of America,United States of America,Always
982,0,26-100,1,1,Yes,39,male,United States of America,United States of America,Sometimes
983,0,jun-25,1,1,Yes,31,f,United States of America,United States of America,Always
984,0,26-100,1,1,No,34,male,United States of America,United States of America,Never
985,0,500-1000,1,1,Not eligible for coverage / N/A,45,m,Ireland,Ireland,Always
986,0,100-500,0,0,Yes,43,Male,United States of America,United States of America,Sometimes
987,0,26-100,1,1,Yes,29,male,United States of America,United States of America,Always
988,0,100-500,1,1,Yes,27,f,United States of America,United States of America,Always
989,0,100-500,1,1,Yes,37,Male,United States of America,United States of America,Always
990,0,100-500,1,1,Yes,41,f,United States of America,United States of America,Always
991,0,26-100,1,1,Yes,30,f,United States of America,United States of America,Sometimes
992,0,26-100,1,1,Yes,28,male,United States of America,United States of America,Sometimes
993,0,More than 1000,1,1,I don't know,28,Male,United States of America,United States of America,Sometimes
994,0,jun-25,1,1,Not eligible for coverage / N/A,22,male,United Kingdom,United Kingdom,Sometimes
995,0,26-100,1,1,Yes,31,M,United States of America,United States of America,Sometimes
996,0,26-100,1,1,No,29,Male,United Kingdom,United Kingdom,Never
997,0,100-500,1,1,No,33,male,Israel,Israel,Never
998,0,100-500,1,1,I don't know,37,male,Germany,Germany,Sometimes
999,0,100-500,1,1,I don't know,42,Male,United States of America,United States of America,Always
1000,0,jun-25,1,1,I don't know,31,male,United Kingdom,United Kingdom,Never
1001,0,26-100,1,1,Yes,29,male,Canada,Canada,Never
1002,0,More than 1000,1,1,Yes,40,f,United States of America,United States of America,Sometimes
1003,0,26-100,1,1,I don't know,46,Female,Netherlands,Netherlands,Sometimes
1004,0,100-500,0,0,Yes,43,Male,Denmark,Denmark,Sometimes
1005,0,jun-25,1,1,No,32,M,United Kingdom,United Kingdom,Sometimes
1006,0,More than 1000,1,1,Yes,40,Male,Netherlands,Netherlands,Sometimes
1007,0,26-100,0,0,No,38,Male,Germany,Germany,Never
1008,0,100-500,1,1,No,32,Male,United Kingdom,United Kingdom,Never
1009,0,More than 1000,0,0,I don't know,37,male,Mexico,Mexico,Sometimes
1010,0,jun-25,1,1,No,24,Male,United States of America,United States of America,Sometimes
1011,0,More than 1000,0,0,I don't know,34,Female,United States of America,United States of America,Sometimes
1012,0,100-500,0,0,Yes,32,Male ,United States of America,United States of America,Sometimes
1013,0,01-may,1,1,No,29,male,Romania,Romania,Never
1014,0,More than 1000,1,1,Not eligible for coverage / N/A,20,Male,United States of America,United States of America,Sometimes
1015,0,More than 1000,0,0,Yes,41,male,United States of America,United States of America,Sometimes
1016,0,jun-25,1,1,Yes,33,female,United States of America,United States of America,Sometimes
1017,0,26-100,1,1,I don't know,25,male,United States of America,United States of America,Sometimes
1018,0,More than 1000,1,1,Yes,24,m,United States of America,United States of America,Sometimes
1019,0,100-500,1,1,I don't know,39,Male,United States of America,United States of America,Sometimes
1020,0,500-1000,0,0,Yes,39,Male,United Kingdom,United Kingdom,Sometimes
1021,0,jun-25,1,1,No,31,male,Denmark,Denmark,Sometimes
1022,0,01-may,1,1,Not eligible for coverage / N/A,37,Male,United Kingdom,United Kingdom,Always
1023,0,jun-25,1,1,Not eligible for coverage / N/A,42,Male,United Kingdom,United Kingdom,Sometimes
1024,0,26-100,0,0,I don't know,30,M,United States of America,United States of America,Never
1025,0,More than 1000,1,1,Yes,30,male,Canada,Canada,Always
1026,0,26-100,1,1,Yes,33,Male,United States of America,United States of America,Sometimes
1027,0,More than 1000,0,0,Not eligible for coverage / N/A,31,Male,United States of America,United States of America,Never
1028,0,More than 1000,0,0,Yes,39,Female,United States of America,United States of America,Sometimes
1029,0,26-100,0,0,No,27,m,Germany,Germany,Never
1030,0,jun-25,1,1,No,31,Male,United States of America,United States of America,Sometimes
1031,0,More than 1000,1,1,Yes,30,Female,United States of America,United States of America,Always
1032,0,26-100,1,1,Yes,34,male,United States of America,United States of America,Sometimes
1033,0,jun-25,1,1,Not eligible for coverage / N/A,20,f,Canada,Canada,Never
1034,0,More than 1000,1,1,I don't know,50,female,United States of America,United States of America,Sometimes
1035,0,01-may,0,0,No,22,Male,United States of America,United States of America,Never
1036,0,100-500,1,1,Yes,41,Male,Spain,Spain,Sometimes
1037,0,26-100,1,1,No,37,male,Germany,Germany,Sometimes
1038,0,100-500,1,1,Yes,32,m,United States of America,United States of America,Sometimes
1039,0,jun-25,1,1,Yes,38,M,Netherlands,Netherlands,Never
1040,0,jun-25,1,1,Yes,27,Male,United States of America,United States of America,Sometimes
1041,0,01-may,0,0,No,37,f,United States of America,United States of America,Sometimes
1042,0,jun-25,0,0,I don't know,30,Female,United States of America,United States of America,Sometimes
1043,0,More than 1000,1,1,No,21,Male,United States of America,United States of America,Sometimes
1044,0,More than 1000,0,0,I don't know,21,male,United States of America,United States of America,Sometimes
1045,0,More than 1000,0,0,Yes,46,male,United States of America,United States of America,Sometimes
1046,0,500-1000,1,1,Yes,28,m,United States of America,United States of America,Sometimes
1047,0,100-500,0,0,Yes,26,,United States of America,United States of America,Never
1048,0,More than 1000,1,1,Yes,44,Male,United States of America,United States of America,Sometimes
1049,0,01-may,1,1,I don't know,35,female,United States of America,United States of America,Always
1050,0,26-100,1,1,Yes,39,Male,United States of America,United States of America,Never
1051,0,More than 1000,0,0,I don't know,37,Female,United States of America,United States of America,Sometimes
1052,0,100-500,0,0,No,35,Male,United States of America,United States of America,Sometimes
1053,0,More than 1000,1,1,Yes,29,Female,United States of America,United States of America,Never
1054,0,26-100,1,1,I don't know,21,m,United States of America,United States of America,Sometimes
1055,0,26-100,1,1,Yes,26,Female,United States of America,United States of America,Sometimes
1056,0,100-500,1,1,Yes,35,male,Germany,Germany,Never
1057,0,100-500,0,0,Yes,56,M,United States of America,United States of America,Sometimes
1058,0,26-100,1,1,Not eligible for coverage / N/A,24,male,United Kingdom,United Kingdom,Never
1059,0,More than 1000,1,1,No,37,Male,Ireland,Ireland,Never
1060,0,26-100,0,0,No,27,female,United States of America,United States of America,Never
1061,0,01-may,1,1,I don't know,39,female,United States of America,United States of America,Sometimes
1062,0,100-500,1,1,Yes,34,Male,United States of America,United States of America,Always
1063,0,More than 1000,0,0,No,33,Male,United Kingdom,United Kingdom,Sometimes
1064,0,01-may,1,1,No,22,Male,United Kingdom,United Kingdom,Never
1065,0,jun-25,1,1,Not eligible for coverage / N/A,25,Female,United Kingdom,United Kingdom,Sometimes
1066,0,More than 1000,0,0,I don't know,34,Male,United Kingdom,United Kingdom,Never
1067,0,jun-25,1,1,Not eligible for coverage / N/A,30,male,United Kingdom,United Kingdom,Sometimes
1068,0,26-100,1,1,No,37,male,United Kingdom,United Kingdom,Never
1069,0,jun-25,1,1,No,26,Male,Chile,Chile,Never
1070,0,More than 1000,0,0,Yes,29,female,United States of America,United States of America,Never
1071,0,jun-25,1,1,No,29,male,Chile,Chile,Sometimes
1072,0,26-100,0,0,No,27,Male,United Kingdom,United Kingdom,Never
1073,0,jun-25,0,0,No,27,female,Chile,Chile,Sometimes
1074,0,More than 1000,0,0,I don't know,23,Male,United States of America,United States of America,Sometimes
1075,0,More than 1000,1,1,I don't know,24,female,United States of America,United States of America,Sometimes
1076,0,01-may,0,0,No,28,Male,United Kingdom,United Kingdom,Never
1077,0,jun-25,0,0,I don't know,22,Male,United States of America,United States of America,Never
1078,0,26-100,1,1,No,32,Male,United States of America,United States of America,Sometimes
1079,0,jun-25,1,1,I don't know,35,female,United States of America,United States of America,Always
1080,0,26-100,1,1,Yes,26,Male,United States of America,United States of America,Sometimes
1081,0,More than 1000,1,1,No,31,female,United Kingdom,United Kingdom,Sometimes
1082,0,100-500,1,1,No,37,Male,Pakistan,Pakistan,Sometimes
1083,0,jun-25,0,0,No,24,Male,United Kingdom,United Kingdom,Never
1084,0,26-100,1,1,Yes,33,Male,United States of America,United States of America,Always
1085,0,100-500,1,1,Yes,28,Male,United States of America,United States of America,Sometimes
1086,0,More than 1000,1,1,I don't know,22,Female,United States of America,United States of America,Sometimes
1087,0,100-500,1,1,Not eligible for coverage / N/A,46,Male,Germany,Germany,Sometimes
1088,0,26-100,1,1,Yes,30,Male,United States of America,United States of America,Always
1089,0,26-100,1,1,I don't know,29,Male,United States of America,United States of America,Never
1090,0,100-500,1,1,I don't know,22,Male,United States of America,United States of America,Sometimes
1091,0,More than 1000,0,0,Yes,30,male,United States of America,United States of America,Sometimes
1092,0,More than 1000,0,0,Yes,39,Male,United States of America,United States of America,Sometimes
1093,0,500-1000,0,0,Yes,39,Male,United States of America,United States of America,Sometimes
1094,0,More than 1000,1,1,Yes,31,F,United States of America,United States of America,Always
1095,0,100-500,1,1,Yes,35,m,United States of America,United States of America,Sometimes
1096,0,More than 1000,1,1,No,23,male,United States of America,United States of America,Sometimes
1097,0,More than 1000,1,1,Yes,30,male,United States of America,United States of America,Never
1098,0,jun-25,1,1,Not eligible for coverage / N/A,28,male,France,France,Sometimes
1099,0,More than 1000,1,1,Yes,23,Female,Ireland,Ireland,Never
1100,0,26-100,1,1,Yes,26,Female ,United States of America,United States of America,Never
1101,0,26-100,1,1,Yes,24,Female,United States of America,United States of America,Never
1102,0,More than 1000,1,1,Yes,32,Male,United States of America,United States of America,Never
1103,0,100-500,1,1,Not eligible for coverage / N/A,30,Male,Estonia,Estonia,Sometimes
1104,0,26-100,1,1,Yes,32,male,United States of America,United States of America,Sometimes
1105,0,jun-25,0,0,Yes,35,Male,United States of America,United States of America,Never
1106,0,26-100,1,1,I don't know,26,F,United States of America,United States of America,Always
1107,0,100-500,0,0,Yes,30,Female,United States of America,United States of America,Sometimes
1108,0,26-100,1,1,Yes,29,male,United States of America,United States of America,Never
1109,0,More than 1000,1,1,I don't know,39,male,Canada,Canada,Always
1110,0,More than 1000,0,0,I don't know,37,Male,United Kingdom,United Kingdom,Never
1111,0,26-100,1,1,Yes,35,M,United States of America,United States of America,Sometimes
1112,0,01-may,1,1,Not eligible for coverage / N/A,25,Female,United States of America,United States of America,Sometimes
1113,0,More than 1000,0,0,Not eligible for coverage / N/A,22,m,United States of America,United States of America,Never
1114,0,26-100,1,1,Yes,33,Male,United Kingdom,United Kingdom,Never
1115,0,01-may,1,1,Yes,23,male ,United States of America,United States of America,Sometimes
1116,0,26-100,1,1,Yes,28,Male,United States of America,United States of America,Always
1117,0,More than 1000,1,1,Yes,30,Male,United States of America,United States of America,Never
1118,0,100-500,1,1,Yes,28,Male,United States of America,United States of America,Sometimes
1119,0,jun-25,1,1,Yes,28,female,United States of America,United States of America,Always
1120,0,More than 1000,0,0,Yes,37,male,United States of America,United States of America,Never
1121,0,26-100,1,1,No,30,Male,United States of America,United States of America,Sometimes
1122,0,jun-25,1,1,No,27,Male,India,India,Sometimes
1123,0,More than 1000,1,1,I don't know,28,Male,Poland,Poland,Never
1124,0,jun-25,1,1,No,26,m,Ireland,Ireland,Sometimes
1125,0,100-500,1,1,I don't know,29,male,Afghanistan,United States of America,Sometimes
1126,0,100-500,1,1,Yes,36,Male,United Kingdom,United Kingdom,Always
1127,0,26-100,1,1,I don't know,38,Male,Belgium,Belgium,Never
1128,0,jun-25,1,1,Yes,22,Female,United States of America,United States of America,Sometimes
1129,0,01-may,1,1,Not eligible for coverage / N/A,24,male,United States of America,United States of America,Sometimes
1130,0,100-500,0,0,Yes,24,female,United States of America,United States of America,Sometimes
1131,0,500-1000,1,1,Yes,36,female,United States of America,United States of America,Never
1132,0,More than 1000,0,0,Not eligible for coverage / N/A,24,Female,United States of America,United States of America,Never
1133,0,500-1000,1,1,No,24,Male,United States of America,United States of America,Never
1134,0,26-100,1,1,No,31,Male,Netherlands,Netherlands,Never
1135,0,26-100,1,1,Yes,39,M,United Kingdom,United Kingdom,Never
1136,0,More than 1000,1,1,Yes,41,male,United States of America,United States of America,Sometimes
1137,0,26-100,1,1,No,37,male,Estonia,Estonia,Never
1138,0,26-100,1,1,I don't know,30,male,Canada,United States of America,Always
1139,0,100-500,1,1,Yes,24,Male,Canada,Canada,Sometimes
1140,0,100-500,1,1,Not eligible for coverage / N/A,22,female,Canada,Canada,Sometimes
1141,0,100-500,1,1,Yes,24,Male,Canada,Canada,Sometimes
1142,0,100-500,1,1,I don't know,26,Female,Canada,Canada,Sometimes
1143,0,500-1000,1,1,Yes,38,female,United States of America,United States of America,Always
1144,0,100-500,1,1,Yes,52,Male,United States of America,United States of America,Sometimes
1145,0,100-500,0,0,I don't know,30,Female,United States of America,United States of America,Sometimes
1146,0,100-500,1,1,Yes,25,m,Canada,Canada,Sometimes
